"cellid","y","nvisits","x.loc","y.loc"
2,0,5,4.5,1.5
5,3,4,13.5,1.5
6,2,3,16.5,1.5
7,4,5,19.5,1.5
9,0,1,25.5,1.5
23,0,4,67.5,1.5
31,3,4,91.5,1.5
33,3,3,97.5,1.5
38,0,3,112.5,1.5
40,0,5,118.5,1.5
47,1,1,139.5,1.5
48,2,3,142.5,1.5
54,0,1,160.5,1.5
61,1,3,181.5,1.5
66,4,5,196.5,1.5
70,0,5,208.5,1.5
72,2,5,214.5,1.5
73,2,3,217.5,1.5
76,0,1,226.5,1.5
87,0,3,259.5,1.5
92,0,5,274.5,1.5
93,0,2,277.5,1.5
95,0,2,283.5,1.5
100,0,1,298.5,1.5
101,1,1,1.5,4.5
102,3,3,4.5,4.5
116,1,5,46.5,4.5
119,1,2,55.5,4.5
121,3,3,61.5,4.5
123,1,3,67.5,4.5
130,4,5,88.5,4.5
131,2,4,91.5,4.5
136,0,1,106.5,4.5
139,0,2,115.5,4.5
149,0,3,145.5,4.5
151,0,4,151.5,4.5
155,1,1,163.5,4.5
158,0,5,172.5,4.5
159,0,2,175.5,4.5
164,0,3,190.5,4.5
168,1,3,202.5,4.5
169,1,1,205.5,4.5
172,4,4,214.5,4.5
176,0,3,226.5,4.5
188,0,1,262.5,4.5
190,2,3,268.5,4.5
191,0,4,271.5,4.5
194,1,5,280.5,4.5
195,0,2,283.5,4.5
204,2,2,10.5,7.5
205,3,3,13.5,7.5
207,1,5,19.5,7.5
210,0,1,28.5,7.5
213,2,4,37.5,7.5
217,1,3,49.5,7.5
220,3,5,58.5,7.5
230,2,3,88.5,7.5
231,4,5,91.5,7.5
232,2,4,94.5,7.5
235,0,2,103.5,7.5
245,1,4,133.5,7.5
250,5,5,148.5,7.5
258,0,2,172.5,7.5
260,0,2,178.5,7.5
262,0,2,184.5,7.5
266,1,1,196.5,7.5
270,2,3,208.5,7.5
271,3,3,211.5,7.5
272,5,5,214.5,7.5
280,0,4,238.5,7.5
281,1,2,241.5,7.5
290,3,4,268.5,7.5
305,2,2,13.5,10.5
306,0,1,16.5,10.5
307,3,5,19.5,10.5
310,1,1,28.5,10.5
318,0,1,52.5,10.5
321,0,2,61.5,10.5
323,1,2,67.5,10.5
330,1,1,88.5,10.5
331,2,5,91.5,10.5
334,1,2,100.5,10.5
335,1,3,103.5,10.5
338,0,1,112.5,10.5
344,0,3,130.5,10.5
347,0,1,139.5,10.5
351,2,4,151.5,10.5
352,1,2,154.5,10.5
362,0,1,184.5,10.5
370,1,2,208.5,10.5
371,2,4,211.5,10.5
386,0,1,256.5,10.5
390,1,3,268.5,10.5
396,3,5,286.5,10.5
404,4,5,10.5,13.5
407,5,5,19.5,13.5
408,2,3,22.5,13.5
412,2,3,34.5,13.5
414,2,2,40.5,13.5
417,0,2,49.5,13.5
420,1,2,58.5,13.5
424,0,1,70.5,13.5
426,0,2,76.5,13.5
429,2,3,85.5,13.5
434,3,3,100.5,13.5
438,0,2,112.5,13.5
439,2,5,115.5,13.5
443,0,4,127.5,13.5
456,0,3,166.5,13.5
463,0,5,187.5,13.5
465,0,1,193.5,13.5
470,2,4,208.5,13.5
476,0,2,226.5,13.5
480,0,1,238.5,13.5
481,0,2,241.5,13.5
492,0,2,274.5,13.5
496,1,3,286.5,13.5
497,0,1,289.5,13.5
506,3,3,16.5,16.5
507,1,1,19.5,16.5
513,1,1,37.5,16.5
515,1,1,43.5,16.5
527,0,2,79.5,16.5
535,0,4,103.5,16.5
538,0,1,112.5,16.5
542,1,5,124.5,16.5
552,1,1,154.5,16.5
553,1,5,157.5,16.5
555,1,4,163.5,16.5
558,1,3,172.5,16.5
569,2,4,205.5,16.5
592,0,2,274.5,16.5
593,0,1,277.5,16.5
604,3,3,10.5,19.5
607,0,5,19.5,19.5
628,2,5,82.5,19.5
656,1,4,166.5,19.5
659,0,5,175.5,19.5
660,0,3,178.5,19.5
675,0,2,223.5,19.5
688,0,4,262.5,19.5
689,1,2,265.5,19.5
690,0,3,268.5,19.5
694,0,4,280.5,19.5
715,2,4,43.5,22.5
720,1,3,58.5,22.5
722,2,5,64.5,22.5
730,2,5,88.5,22.5
731,0,4,91.5,22.5
732,0,5,94.5,22.5
733,0,3,97.5,22.5
735,0,5,103.5,22.5
739,0,3,115.5,22.5
741,2,5,121.5,22.5
746,2,5,136.5,22.5
753,0,1,157.5,22.5
755,0,2,163.5,22.5
764,3,4,190.5,22.5
771,0,2,211.5,22.5
773,0,1,217.5,22.5
779,0,3,235.5,22.5
780,2,5,238.5,22.5
781,2,4,241.5,22.5
784,0,5,250.5,22.5
787,3,4,259.5,22.5
794,0,1,280.5,22.5
797,1,2,289.5,22.5
798,1,4,292.5,22.5
803,3,3,7.5,25.5
810,3,4,28.5,25.5
814,2,4,40.5,25.5
818,0,2,52.5,25.5
820,0,1,58.5,25.5
826,2,5,76.5,25.5
832,0,4,94.5,25.5
836,3,3,106.5,25.5
840,0,1,118.5,25.5
849,0,5,145.5,25.5
858,3,5,172.5,25.5
861,0,2,181.5,25.5
863,1,1,187.5,25.5
866,0,2,196.5,25.5
871,0,5,211.5,25.5
872,0,1,214.5,25.5
874,1,4,220.5,25.5
882,2,2,244.5,25.5
883,0,4,247.5,25.5
886,0,3,256.5,25.5
896,0,3,286.5,25.5
916,2,4,46.5,28.5
925,3,4,73.5,28.5
937,0,2,109.5,28.5
941,0,3,121.5,28.5
947,0,2,139.5,28.5
951,2,4,151.5,28.5
954,0,5,160.5,28.5
956,0,3,166.5,28.5
964,0,3,190.5,28.5
977,2,3,229.5,28.5
978,2,4,232.5,28.5
979,0,5,235.5,28.5
980,0,4,238.5,28.5
986,2,5,256.5,28.5
992,0,5,274.5,28.5
993,0,4,277.5,28.5
994,0,5,280.5,28.5
999,0,3,295.5,28.5
1001,1,1,1.5,31.5
1010,0,2,28.5,31.5
1013,3,5,37.5,31.5
1033,0,4,97.5,31.5
1036,1,3,106.5,31.5
1040,1,5,118.5,31.5
1044,0,3,130.5,31.5
1050,0,3,148.5,31.5
1058,0,2,172.5,31.5
1061,1,4,181.5,31.5
1062,0,4,184.5,31.5
1068,0,2,202.5,31.5
1074,0,3,220.5,31.5
1075,0,5,223.5,31.5
1076,0,3,226.5,31.5
1077,0,5,229.5,31.5
1078,1,3,232.5,31.5
1097,0,3,289.5,31.5
1103,3,3,7.5,34.5
1110,3,3,28.5,34.5
1116,1,1,46.5,34.5
1121,2,2,61.5,34.5
1129,2,2,85.5,34.5
1131,3,4,91.5,34.5
1133,0,1,97.5,34.5
1134,3,4,100.5,34.5
1142,0,5,124.5,34.5
1145,0,3,133.5,34.5
1147,1,3,139.5,34.5
1150,0,1,148.5,34.5
1154,1,2,160.5,34.5
1159,1,1,175.5,34.5
1160,0,3,178.5,34.5
1162,0,3,184.5,34.5
1164,0,2,190.5,34.5
1173,0,3,217.5,34.5
1179,0,2,235.5,34.5
1181,0,1,241.5,34.5
1189,0,2,265.5,34.5
1190,0,4,268.5,34.5
1191,0,4,271.5,34.5
1196,0,3,286.5,34.5
1197,0,4,289.5,34.5
1202,4,4,4.5,37.5
1212,3,5,34.5,37.5
1221,3,4,61.5,37.5
1232,0,4,94.5,37.5
1238,0,4,112.5,37.5
1242,0,1,124.5,37.5
1244,0,2,130.5,37.5
1246,0,2,136.5,37.5
1249,0,2,145.5,37.5
1263,0,2,187.5,37.5
1264,2,4,190.5,37.5
1266,0,1,196.5,37.5
1270,2,4,208.5,37.5
1272,0,3,214.5,37.5
1274,0,1,220.5,37.5
1275,0,2,223.5,37.5
1279,0,1,235.5,37.5
1281,0,4,241.5,37.5
1287,2,2,259.5,37.5
1293,3,5,277.5,37.5
1302,4,4,4.5,40.5
1307,4,4,19.5,40.5
1313,3,5,37.5,40.5
1317,2,5,49.5,40.5
1324,1,2,70.5,40.5
1332,3,4,94.5,40.5
1344,0,1,130.5,40.5
1345,0,2,133.5,40.5
1346,0,2,136.5,40.5
1350,1,1,148.5,40.5
1353,0,3,157.5,40.5
1354,1,2,160.5,40.5
1355,1,3,163.5,40.5
1364,1,3,190.5,40.5
1368,0,2,202.5,40.5
1370,0,3,208.5,40.5
1379,0,5,235.5,40.5
1382,1,1,244.5,40.5
1385,1,4,253.5,40.5
1390,0,1,268.5,40.5
1392,2,3,274.5,40.5
1394,0,1,280.5,40.5
1398,1,3,292.5,40.5
1399,0,4,295.5,40.5
1406,3,4,16.5,43.5
1410,4,4,28.5,43.5
1412,1,2,34.5,43.5
1416,2,2,46.5,43.5
1430,1,3,88.5,43.5
1431,0,5,91.5,43.5
1434,3,4,100.5,43.5
1435,0,2,103.5,43.5
1444,0,1,130.5,43.5
1454,0,1,160.5,43.5
1462,0,4,184.5,43.5
1463,1,4,187.5,43.5
1465,2,5,193.5,43.5
1468,0,1,202.5,43.5
1469,0,2,205.5,43.5
1471,0,2,211.5,43.5
1476,0,5,226.5,43.5
1479,0,1,235.5,43.5
1496,0,4,286.5,43.5
1509,3,3,25.5,46.5
1511,5,5,31.5,46.5
1514,3,3,40.5,46.5
1520,2,3,58.5,46.5
1521,2,4,61.5,46.5
1524,2,2,70.5,46.5
1532,2,4,94.5,46.5
1533,0,1,97.5,46.5
1547,2,3,139.5,46.5
1549,0,2,145.5,46.5
1553,0,1,157.5,46.5
1559,0,3,175.5,46.5
1561,0,2,181.5,46.5
1562,0,1,184.5,46.5
1565,0,1,193.5,46.5
1567,0,3,199.5,46.5
1571,0,2,211.5,46.5
1580,0,3,238.5,46.5
1585,0,1,253.5,46.5
1587,4,4,259.5,46.5
1588,0,2,262.5,46.5
1596,2,4,286.5,46.5
1598,1,1,292.5,46.5
1605,1,1,13.5,49.5
1608,4,4,22.5,49.5
1609,4,5,25.5,49.5
1610,4,5,28.5,49.5
1615,2,4,43.5,49.5
1618,2,3,52.5,49.5
1623,3,5,67.5,49.5
1632,0,2,94.5,49.5
1635,1,3,103.5,49.5
1646,0,5,136.5,49.5
1648,0,1,142.5,49.5
1651,0,4,151.5,49.5
1653,1,4,157.5,49.5
1663,0,5,187.5,49.5
1664,0,2,190.5,49.5
1678,0,1,232.5,49.5
1680,0,2,238.5,49.5
1683,2,4,247.5,49.5
1690,0,3,268.5,49.5
1691,0,3,271.5,49.5
1693,0,3,277.5,49.5
1701,1,3,1.5,52.5
1702,4,5,4.5,52.5
1705,3,3,13.5,52.5
1717,4,5,49.5,52.5
1718,3,5,52.5,52.5
1719,2,2,55.5,52.5
1721,2,3,61.5,52.5
1722,3,3,64.5,52.5
1728,3,3,82.5,52.5
1729,2,2,85.5,52.5
1742,1,4,124.5,52.5
1754,0,2,160.5,52.5
1757,0,5,169.5,52.5
1761,0,4,181.5,52.5
1762,0,4,184.5,52.5
1765,0,3,193.5,52.5
1767,0,3,199.5,52.5
1769,0,3,205.5,52.5
1770,0,4,208.5,52.5
1775,0,2,223.5,52.5
1782,0,4,244.5,52.5
1783,0,4,247.5,52.5
1789,2,5,265.5,52.5
1791,0,4,271.5,52.5
1792,3,5,274.5,52.5
1795,0,5,283.5,52.5
1799,0,5,295.5,52.5
1801,3,4,1.5,55.5
1804,2,2,10.5,55.5
1808,1,1,22.5,55.5
1820,3,3,58.5,55.5
1822,2,4,64.5,55.5
1836,3,3,106.5,55.5
1838,0,2,112.5,55.5
1850,2,5,148.5,55.5
1852,0,1,154.5,55.5
1854,0,2,160.5,55.5
1861,0,4,181.5,55.5
1864,1,2,190.5,55.5
1875,0,3,223.5,55.5
1895,0,3,283.5,55.5
1901,3,5,1.5,58.5
1902,3,5,4.5,58.5
1903,1,1,7.5,58.5
1918,4,5,52.5,58.5
1927,0,4,79.5,58.5
1947,0,5,139.5,58.5
1950,1,5,148.5,58.5
1973,0,1,217.5,58.5
1978,0,4,232.5,58.5
1980,0,3,238.5,58.5
1983,0,3,247.5,58.5
1984,1,1,250.5,58.5
1987,3,3,259.5,58.5
1992,3,5,274.5,58.5
1994,0,3,280.5,58.5
1995,0,4,283.5,58.5
1997,0,1,289.5,58.5
2000,0,3,298.5,58.5
2006,4,5,16.5,61.5
2013,2,4,37.5,61.5
2018,5,5,52.5,61.5
2028,4,4,82.5,61.5
2032,0,4,94.5,61.5
2033,0,1,97.5,61.5
2037,0,2,109.5,61.5
2040,0,1,118.5,61.5
2051,0,2,151.5,61.5
2054,0,2,160.5,61.5
2055,0,2,163.5,61.5
2060,0,1,178.5,61.5
2061,0,2,181.5,61.5
2074,2,5,220.5,61.5
2075,0,5,223.5,61.5
2080,0,3,238.5,61.5
2084,0,4,250.5,61.5
2085,0,4,253.5,61.5
2095,0,1,283.5,61.5
2096,0,3,286.5,61.5
2099,0,5,295.5,61.5
2102,3,4,4.5,64.5
2105,3,3,13.5,64.5
2109,1,5,25.5,64.5
2111,1,3,31.5,64.5
2115,1,3,43.5,64.5
2119,3,3,55.5,64.5
2120,2,4,58.5,64.5
2122,1,1,64.5,64.5
2123,0,1,67.5,64.5
2124,0,1,70.5,64.5
2125,0,2,73.5,64.5
2127,0,3,79.5,64.5
2128,3,4,82.5,64.5
2136,0,4,106.5,64.5
2140,0,1,118.5,64.5
2143,0,5,127.5,64.5
2148,0,3,142.5,64.5
2159,0,2,175.5,64.5
2162,1,5,184.5,64.5
2163,0,1,187.5,64.5
2166,0,3,196.5,64.5
2174,0,2,220.5,64.5
2177,4,5,229.5,64.5
2185,0,3,253.5,64.5
2192,0,3,274.5,64.5
2204,5,5,10.5,67.5
2206,4,5,16.5,67.5
2212,5,5,34.5,67.5
2215,3,4,43.5,67.5
2217,0,3,49.5,67.5
2221,1,1,61.5,67.5
2226,0,3,76.5,67.5
2229,0,4,85.5,67.5
2237,2,3,109.5,67.5
2238,0,3,112.5,67.5
2240,0,5,118.5,67.5
2242,0,5,124.5,67.5
2246,0,3,136.5,67.5
2265,1,5,193.5,67.5
2268,0,4,202.5,67.5
2269,0,2,205.5,67.5
2273,0,2,217.5,67.5
2274,0,3,220.5,67.5
2275,0,5,223.5,67.5
2281,0,1,241.5,67.5
2282,1,2,244.5,67.5
2285,0,4,253.5,67.5
2287,4,5,259.5,67.5
2292,2,2,274.5,67.5
2305,2,3,13.5,70.5
2311,0,1,31.5,70.5
2328,0,4,82.5,70.5
2339,1,1,115.5,70.5
2340,0,4,118.5,70.5
2344,0,5,130.5,70.5
2348,2,4,142.5,70.5
2349,0,2,145.5,70.5
2350,0,5,148.5,70.5
2352,0,4,154.5,70.5
2361,1,1,181.5,70.5
2367,2,2,199.5,70.5
2368,0,2,202.5,70.5
2377,1,1,229.5,70.5
2382,0,5,244.5,70.5
2389,0,2,265.5,70.5
2390,0,5,268.5,70.5
2393,0,5,277.5,70.5
2396,0,3,286.5,70.5
2398,2,2,292.5,70.5
2399,0,5,295.5,70.5
2402,2,3,4.5,73.5
2414,0,3,40.5,73.5
2418,0,5,52.5,73.5
2429,0,3,85.5,73.5
2430,0,1,88.5,73.5
2437,0,3,109.5,73.5
2442,1,2,124.5,73.5
2448,0,2,142.5,73.5
2452,0,2,154.5,73.5
2454,0,5,160.5,73.5
2455,0,1,163.5,73.5
2457,0,1,169.5,73.5
2461,1,4,181.5,73.5
2463,0,4,187.5,73.5
2464,0,3,190.5,73.5
2465,2,3,193.5,73.5
2467,2,4,199.5,73.5
2469,1,2,205.5,73.5
2472,0,3,214.5,73.5
2483,0,4,247.5,73.5
2485,0,1,253.5,73.5
2489,0,5,265.5,73.5
2513,0,2,37.5,76.5
2516,2,3,46.5,76.5
2517,1,2,49.5,76.5
2519,0,3,55.5,76.5
2529,0,2,85.5,76.5
2533,0,1,97.5,76.5
2542,0,4,124.5,76.5
2543,0,3,127.5,76.5
2547,0,1,139.5,76.5
2554,1,3,160.5,76.5
2555,2,5,163.5,76.5
2559,0,5,175.5,76.5
2563,2,3,187.5,76.5
2571,2,3,211.5,76.5
2576,0,5,226.5,76.5
2585,0,2,253.5,76.5
2596,0,5,286.5,76.5
2597,0,3,289.5,76.5
2610,4,4,28.5,79.5
2614,1,1,40.5,79.5
2619,0,5,55.5,79.5
2623,0,4,67.5,79.5
2624,0,5,70.5,79.5
2627,0,3,79.5,79.5
2629,4,4,85.5,79.5
2641,0,3,121.5,79.5
2649,0,4,145.5,79.5
2652,0,2,154.5,79.5
2659,0,5,175.5,79.5
2668,3,3,202.5,79.5
2672,0,1,214.5,79.5
2678,0,2,232.5,79.5
2692,0,4,274.5,79.5
2695,0,2,283.5,79.5
2701,2,4,1.5,82.5
2735,3,4,103.5,82.5
2737,0,3,109.5,82.5
2748,0,2,142.5,82.5
2749,0,5,145.5,82.5
2760,0,3,178.5,82.5
2765,1,2,193.5,82.5
2767,0,4,199.5,82.5
2768,0,5,202.5,82.5
2773,0,2,217.5,82.5
2777,0,1,229.5,82.5
2780,0,1,238.5,82.5
2791,0,5,271.5,82.5
2792,0,1,274.5,82.5
2795,0,4,283.5,82.5
2800,0,3,298.5,82.5
2801,2,2,1.5,85.5
2808,2,2,22.5,85.5
2831,0,4,91.5,85.5
2834,0,2,100.5,85.5
2845,3,5,133.5,85.5
2859,0,3,175.5,85.5
2860,0,5,178.5,85.5
2861,0,1,181.5,85.5
2862,0,2,184.5,85.5
2863,3,4,187.5,85.5
2887,0,2,259.5,85.5
2889,0,5,265.5,85.5
2893,0,1,277.5,85.5
2896,0,3,286.5,85.5
2897,0,5,289.5,85.5
2899,0,2,295.5,85.5
2901,1,1,1.5,88.5
2907,1,1,19.5,88.5
2909,4,4,25.5,88.5
2912,2,5,34.5,88.5
2913,2,2,37.5,88.5
2917,3,4,49.5,88.5
2923,0,4,67.5,88.5
2941,0,1,121.5,88.5
2946,2,3,136.5,88.5
2948,2,3,142.5,88.5
2950,0,1,148.5,88.5
2956,0,5,166.5,88.5
2968,0,1,202.5,88.5
2969,0,5,205.5,88.5
2970,0,4,208.5,88.5
2971,0,1,211.5,88.5
2972,0,5,214.5,88.5
2974,0,5,220.5,88.5
2980,0,4,238.5,88.5
2981,0,3,241.5,88.5
2984,0,4,250.5,88.5
2990,0,1,268.5,88.5
2994,0,4,280.5,88.5
2997,0,2,289.5,88.5
2999,0,3,295.5,88.5
3000,0,5,298.5,88.5
3006,0,1,16.5,91.5
3007,3,3,19.5,91.5
3032,0,1,94.5,91.5
3033,0,3,97.5,91.5
3042,0,2,124.5,91.5
3051,0,2,151.5,91.5
3052,0,1,154.5,91.5
3067,5,5,199.5,91.5
3072,1,3,214.5,91.5
3083,0,5,247.5,91.5
3096,0,5,286.5,91.5
3099,0,1,295.5,91.5
3100,0,3,298.5,91.5
3112,2,2,34.5,94.5
3113,2,2,37.5,94.5
3128,0,1,82.5,94.5
3134,0,5,100.5,94.5
3146,1,2,136.5,94.5
3147,1,3,139.5,94.5
3151,1,3,151.5,94.5
3157,1,3,169.5,94.5
3161,4,5,181.5,94.5
3164,0,1,190.5,94.5
3175,0,2,223.5,94.5
3180,0,1,238.5,94.5
3187,0,1,259.5,94.5
3193,0,1,277.5,94.5
3199,0,1,295.5,94.5
3208,0,2,22.5,97.5
3220,0,2,58.5,97.5
3222,0,5,64.5,97.5
3230,3,5,88.5,97.5
3239,0,5,115.5,97.5
3242,0,1,124.5,97.5
3243,0,1,127.5,97.5
3249,0,5,145.5,97.5
3258,1,1,172.5,97.5
3266,0,2,196.5,97.5
3270,0,3,208.5,97.5
3273,0,1,217.5,97.5
3274,0,1,220.5,97.5
3281,0,5,241.5,97.5
3284,0,5,250.5,97.5
3285,0,3,253.5,97.5
3297,0,3,289.5,97.5
3299,0,4,295.5,97.5
3306,1,1,16.5,100.5
3324,0,5,70.5,100.5
3331,0,3,91.5,100.5
3340,1,3,118.5,100.5
3341,0,5,121.5,100.5
3348,2,2,142.5,100.5
3356,3,3,166.5,100.5
3359,2,2,175.5,100.5
3361,3,5,181.5,100.5
3366,1,2,196.5,100.5
3367,0,5,199.5,100.5
3368,2,4,202.5,100.5
3369,0,1,205.5,100.5
3370,0,4,208.5,100.5
3376,1,4,226.5,100.5
3385,0,5,253.5,100.5
3388,0,4,262.5,100.5
3391,0,1,271.5,100.5
3398,0,2,292.5,100.5
3399,0,2,295.5,100.5
3415,1,3,43.5,103.5
3416,2,3,46.5,103.5
3418,0,1,52.5,103.5
3420,0,1,58.5,103.5
3421,0,2,61.5,103.5
3428,0,1,82.5,103.5
3438,0,1,112.5,103.5
3439,1,2,115.5,103.5
3440,3,3,118.5,103.5
3447,2,4,139.5,103.5
3451,0,5,151.5,103.5
3459,0,2,175.5,103.5
3463,1,2,187.5,103.5
3467,0,3,199.5,103.5
3480,0,5,238.5,103.5
3487,0,1,259.5,103.5
3497,0,5,289.5,103.5
3499,0,2,295.5,103.5
3504,3,3,10.5,106.5
3513,3,4,37.5,106.5
3515,2,4,43.5,106.5
3522,0,2,64.5,106.5
3523,2,5,67.5,106.5
3524,0,4,70.5,106.5
3527,0,1,79.5,106.5
3535,1,3,103.5,106.5
3546,3,3,136.5,106.5
3547,2,4,139.5,106.5
3550,2,5,148.5,106.5
3558,0,2,172.5,106.5
3561,2,3,181.5,106.5
3563,0,4,187.5,106.5
3569,2,2,205.5,106.5
3571,0,3,211.5,106.5
3573,1,1,217.5,106.5
3575,4,5,223.5,106.5
3578,0,5,232.5,106.5
3597,0,5,289.5,106.5
3603,1,2,7.5,109.5
3613,2,3,37.5,109.5
3616,0,5,46.5,109.5
3631,0,5,91.5,109.5
3633,0,4,97.5,109.5
3642,0,1,124.5,109.5
3643,3,5,127.5,109.5
3651,3,3,151.5,109.5
3655,5,5,163.5,109.5
3658,3,3,172.5,109.5
3663,0,4,187.5,109.5
3665,0,5,193.5,109.5
3667,0,1,199.5,109.5
3671,0,5,211.5,109.5
3673,2,2,217.5,109.5
3682,0,3,244.5,109.5
3693,0,3,277.5,109.5
3699,0,5,295.5,109.5
3702,1,2,4.5,112.5
3703,0,2,7.5,112.5
3704,3,4,10.5,112.5
3707,0,1,19.5,112.5
3715,0,1,43.5,112.5
3721,0,2,61.5,112.5
3724,0,5,70.5,112.5
3727,0,2,79.5,112.5
3728,0,2,82.5,112.5
3730,0,1,88.5,112.5
3741,0,1,121.5,112.5
3745,4,5,133.5,112.5
3747,3,4,139.5,112.5
3748,0,4,142.5,112.5
3750,1,2,148.5,112.5
3754,1,1,160.5,112.5
3761,0,2,181.5,112.5
3765,0,2,193.5,112.5
3770,0,2,208.5,112.5
3773,0,1,217.5,112.5
3779,0,3,235.5,112.5
3784,0,3,250.5,112.5
3786,0,3,256.5,112.5
3794,0,5,280.5,112.5
3796,0,1,286.5,112.5
3805,0,1,13.5,115.5
3811,0,1,31.5,115.5
3819,2,2,55.5,115.5
3823,0,2,67.5,115.5
3832,0,2,94.5,115.5
3835,0,2,103.5,115.5
3836,0,3,106.5,115.5
3856,0,2,166.5,115.5
3862,0,2,184.5,115.5
3869,0,5,205.5,115.5
3872,0,5,214.5,115.5
3873,0,2,217.5,115.5
3882,0,5,244.5,115.5
3895,0,2,283.5,115.5
3896,0,3,286.5,115.5
3901,1,2,1.5,118.5
3903,3,5,7.5,118.5
3910,1,1,28.5,118.5
3912,2,3,34.5,118.5
3915,0,3,43.5,118.5
3916,0,4,46.5,118.5
3917,0,5,49.5,118.5
3921,2,2,61.5,118.5
3922,3,4,64.5,118.5
3923,2,5,67.5,118.5
3927,0,1,79.5,118.5
3930,0,5,88.5,118.5
3935,0,2,103.5,118.5
3940,0,3,118.5,118.5
3951,0,1,151.5,118.5
3953,5,5,157.5,118.5
3957,0,3,169.5,118.5
3958,2,2,172.5,118.5
3960,1,1,178.5,118.5
3962,4,5,184.5,118.5
3971,0,3,211.5,118.5
3977,3,3,229.5,118.5
3985,0,1,253.5,118.5
3996,0,2,286.5,118.5
4000,0,3,298.5,118.5
4002,0,1,4.5,121.5
4011,0,1,31.5,121.5
4031,2,2,91.5,121.5
4040,0,3,118.5,121.5
4043,4,5,127.5,121.5
4048,2,2,142.5,121.5
4064,4,4,190.5,121.5
4065,2,2,193.5,121.5
4066,1,1,196.5,121.5
4067,3,5,199.5,121.5
4070,4,4,208.5,121.5
4083,0,3,247.5,121.5
4084,2,3,250.5,121.5
4089,0,2,265.5,121.5
4122,2,3,64.5,124.5
4130,0,4,88.5,124.5
4146,3,4,136.5,124.5
4147,3,5,139.5,124.5
4157,0,5,169.5,124.5
4162,1,4,184.5,124.5
4167,0,2,199.5,124.5
4168,0,1,202.5,124.5
4169,0,1,205.5,124.5
4177,0,5,229.5,124.5
4178,0,1,232.5,124.5
4184,0,1,250.5,124.5
4190,0,3,268.5,124.5
4199,3,5,295.5,124.5
4209,0,4,25.5,127.5
4220,0,1,58.5,127.5
4224,0,2,70.5,127.5
4230,3,5,88.5,127.5
4232,0,1,94.5,127.5
4235,0,1,103.5,127.5
4247,0,1,139.5,127.5
4248,2,2,142.5,127.5
4257,3,3,169.5,127.5
4259,2,2,175.5,127.5
4266,5,5,196.5,127.5
4270,0,3,208.5,127.5
4274,0,5,220.5,127.5
4283,0,4,247.5,127.5
4289,0,2,265.5,127.5
4303,2,4,7.5,130.5
4316,0,4,46.5,130.5
4336,3,4,106.5,130.5
4338,0,2,112.5,130.5
4340,0,4,118.5,130.5
4347,4,4,139.5,130.5
4353,2,2,157.5,130.5
4363,0,3,187.5,130.5
4365,2,2,193.5,130.5
4366,3,4,196.5,130.5
4377,3,5,229.5,130.5
4384,0,3,250.5,130.5
4389,0,3,265.5,130.5
4396,0,4,286.5,130.5
4397,0,5,289.5,130.5
4398,0,3,292.5,130.5
4401,2,2,1.5,133.5
4407,0,1,19.5,133.5
4409,0,2,25.5,133.5
4415,5,5,43.5,133.5
4419,0,5,55.5,133.5
4420,0,2,58.5,133.5
4424,0,3,70.5,133.5
4430,0,5,88.5,133.5
4450,1,3,148.5,133.5
4452,2,2,154.5,133.5
4459,1,3,175.5,133.5
4462,0,3,184.5,133.5
4465,0,3,193.5,133.5
4484,0,4,250.5,133.5
4486,0,3,256.5,133.5
4488,0,3,262.5,133.5
4498,1,5,292.5,133.5
4499,0,1,295.5,133.5
4501,0,4,1.5,136.5
4503,0,5,7.5,136.5
4506,0,4,16.5,136.5
4514,0,2,40.5,136.5
4525,0,1,73.5,136.5
4527,0,5,79.5,136.5
4528,0,1,82.5,136.5
4530,0,4,88.5,136.5
4534,0,3,100.5,136.5
4535,0,3,103.5,136.5
4538,0,3,112.5,136.5
4541,0,4,121.5,136.5
4544,0,2,130.5,136.5
4545,0,2,133.5,136.5
4552,0,3,154.5,136.5
4553,3,4,157.5,136.5
4560,0,1,178.5,136.5
4564,0,2,190.5,136.5
4565,3,3,193.5,136.5
4570,2,2,208.5,136.5
4576,0,2,226.5,136.5
4580,0,4,238.5,136.5
4587,0,4,259.5,136.5
4596,0,1,286.5,136.5
4602,0,5,4.5,139.5
4604,0,1,10.5,139.5
4608,0,5,22.5,139.5
4623,0,3,67.5,139.5
4624,0,2,70.5,139.5
4633,0,1,97.5,139.5
4637,0,3,109.5,139.5
4646,1,1,136.5,139.5
4648,0,1,142.5,139.5
4655,2,3,163.5,139.5
4657,4,5,169.5,139.5
4659,1,1,175.5,139.5
4668,0,5,202.5,139.5
4669,0,2,205.5,139.5
4672,0,2,214.5,139.5
4686,0,4,256.5,139.5
4691,0,5,271.5,139.5
4708,0,2,22.5,142.5
4710,0,2,28.5,142.5
4712,0,5,34.5,142.5
4719,0,4,55.5,142.5
4720,1,1,58.5,142.5
4721,0,2,61.5,142.5
4722,0,5,64.5,142.5
4726,0,3,76.5,142.5
4736,0,5,106.5,142.5
4739,0,4,115.5,142.5
4740,0,5,118.5,142.5
4745,0,1,133.5,142.5
4750,1,1,148.5,142.5
4760,1,1,178.5,142.5
4761,3,3,181.5,142.5
4768,0,2,202.5,142.5
4769,0,4,205.5,142.5
4774,1,2,220.5,142.5
4780,0,4,238.5,142.5
4789,0,4,265.5,142.5
4792,0,3,274.5,142.5
4795,0,2,283.5,142.5
4800,0,5,298.5,142.5
4801,0,1,1.5,145.5
4810,0,3,28.5,145.5
4815,0,4,43.5,145.5
4823,0,2,67.5,145.5
4826,0,3,76.5,145.5
4829,0,3,85.5,145.5
4842,0,3,124.5,145.5
4844,0,5,130.5,145.5
4852,0,2,154.5,145.5
4866,0,4,196.5,145.5
4879,0,3,235.5,145.5
4880,0,5,238.5,145.5
4883,0,3,247.5,145.5
4899,0,3,295.5,145.5
4901,0,1,1.5,148.5
4905,1,1,13.5,148.5
4906,0,3,16.5,148.5
4907,0,2,19.5,148.5
4910,0,4,28.5,148.5
4915,0,5,43.5,148.5
4921,0,4,61.5,148.5
4922,0,3,64.5,148.5
4923,0,3,67.5,148.5
4927,0,2,79.5,148.5
4940,0,1,118.5,148.5
4945,0,5,133.5,148.5
4951,2,4,151.5,148.5
4955,0,2,163.5,148.5
4963,3,4,187.5,148.5
4964,0,4,190.5,148.5
4965,0,1,193.5,148.5
4966,0,5,196.5,148.5
4969,0,4,205.5,148.5
4970,0,3,208.5,148.5
4975,0,1,223.5,148.5
4976,0,3,226.5,148.5
4977,0,4,229.5,148.5
4980,0,1,238.5,148.5
4989,0,4,265.5,148.5
4999,0,1,295.5,148.5
5000,0,1,298.5,148.5
5008,0,5,22.5,151.5
5043,0,4,127.5,151.5
5045,0,1,133.5,151.5
5047,0,5,139.5,151.5
5050,0,2,148.5,151.5
5054,0,1,160.5,151.5
5055,2,2,163.5,151.5
5064,0,1,190.5,151.5
5069,0,1,205.5,151.5
5076,4,4,226.5,151.5
5080,0,5,238.5,151.5
5082,3,3,244.5,151.5
5098,0,4,292.5,151.5
5101,0,5,1.5,154.5
5106,0,3,16.5,154.5
5107,0,3,19.5,154.5
5116,0,1,46.5,154.5
5117,0,2,49.5,154.5
5120,0,1,58.5,154.5
5132,0,1,94.5,154.5
5138,0,2,112.5,154.5
5147,0,4,139.5,154.5
5148,0,2,142.5,154.5
5150,0,4,148.5,154.5
5162,0,1,184.5,154.5
5165,1,2,193.5,154.5
5166,1,1,196.5,154.5
5167,0,2,199.5,154.5
5170,4,4,208.5,154.5
5171,4,4,211.5,154.5
5179,0,5,235.5,154.5
5184,0,5,250.5,154.5
5187,0,4,259.5,154.5
5188,0,1,262.5,154.5
5196,0,2,286.5,154.5
5213,4,5,37.5,157.5
5214,0,2,40.5,157.5
5221,0,2,61.5,157.5
5228,0,3,82.5,157.5
5232,0,5,94.5,157.5
5235,0,2,103.5,157.5
5246,0,1,136.5,157.5
5250,0,4,148.5,157.5
5254,0,2,160.5,157.5
5255,0,1,163.5,157.5
5256,0,1,166.5,157.5
5262,3,4,184.5,157.5
5263,0,3,187.5,157.5
5264,2,4,190.5,157.5
5268,0,5,202.5,157.5
5273,0,3,217.5,157.5
5275,0,4,223.5,157.5
5276,0,1,226.5,157.5
5285,0,2,253.5,157.5
5287,0,1,259.5,157.5
5291,0,3,271.5,157.5
5292,0,1,274.5,157.5
5293,0,5,277.5,157.5
5300,0,3,298.5,157.5
5306,0,2,16.5,160.5
5310,0,4,28.5,160.5
5314,0,3,40.5,160.5
5315,0,3,43.5,160.5
5324,0,4,70.5,160.5
5326,1,1,76.5,160.5
5329,0,4,85.5,160.5
5331,0,3,91.5,160.5
5333,0,2,97.5,160.5
5337,0,2,109.5,160.5
5342,0,2,124.5,160.5
5349,0,4,145.5,160.5
5350,0,5,148.5,160.5
5351,0,1,151.5,160.5
5352,1,1,154.5,160.5
5354,0,2,160.5,160.5
5364,0,4,190.5,160.5
5367,0,4,199.5,160.5
5378,0,3,232.5,160.5
5380,0,2,238.5,160.5
5392,0,4,274.5,160.5
5395,0,5,283.5,160.5
5396,0,1,286.5,160.5
5397,0,2,289.5,160.5
5401,3,4,1.5,163.5
5405,0,5,13.5,163.5
5409,0,2,25.5,163.5
5418,2,4,52.5,163.5
5419,0,3,55.5,163.5
5425,0,2,73.5,163.5
5432,0,1,94.5,163.5
5439,0,5,115.5,163.5
5440,0,1,118.5,163.5
5443,0,2,127.5,163.5
5444,0,4,130.5,163.5
5445,0,5,133.5,163.5
5447,1,3,139.5,163.5
5450,2,4,148.5,163.5
5462,1,1,184.5,163.5
5474,0,2,220.5,163.5
5480,0,3,238.5,163.5
5483,0,3,247.5,163.5
5484,0,1,250.5,163.5
5485,0,3,253.5,163.5
5489,0,5,265.5,163.5
5496,0,4,286.5,163.5
5498,0,4,292.5,163.5
5500,0,3,298.5,163.5
5512,1,2,34.5,166.5
5516,2,5,46.5,166.5
5517,0,4,49.5,166.5
5520,0,5,58.5,166.5
5527,3,5,79.5,166.5
5531,0,2,91.5,166.5
5532,0,4,94.5,166.5
5536,0,2,106.5,166.5
5543,0,1,127.5,166.5
5544,0,4,130.5,166.5
5545,0,3,133.5,166.5
5549,0,1,145.5,166.5
5552,0,5,154.5,166.5
5557,2,3,169.5,166.5
5571,0,4,211.5,166.5
5573,0,4,217.5,166.5
5574,0,5,220.5,166.5
5575,0,1,223.5,166.5
5577,0,4,229.5,166.5
5578,0,3,232.5,166.5
5579,0,3,235.5,166.5
5583,0,3,247.5,166.5
5601,2,3,1.5,169.5
5604,0,4,10.5,169.5
5608,2,2,22.5,169.5
5611,0,2,31.5,169.5
5631,0,3,91.5,169.5
5633,0,5,97.5,169.5
5635,0,5,103.5,169.5
5639,0,1,115.5,169.5
5640,0,2,118.5,169.5
5647,0,1,139.5,169.5
5649,1,1,145.5,169.5
5654,0,2,160.5,169.5
5656,0,4,166.5,169.5
5661,0,1,181.5,169.5
5662,0,1,184.5,169.5
5674,0,2,220.5,169.5
5681,0,2,241.5,169.5
5687,0,5,259.5,169.5
5690,0,3,268.5,169.5
5699,0,1,295.5,169.5
5706,0,4,16.5,172.5
5717,3,4,49.5,172.5
5719,0,5,55.5,172.5
5723,0,3,67.5,172.5
5724,0,2,70.5,172.5
5726,0,2,76.5,172.5
5732,0,3,94.5,172.5
5740,0,1,118.5,172.5
5742,0,4,124.5,172.5
5744,2,4,130.5,172.5
5747,0,4,139.5,172.5
5752,0,2,154.5,172.5
5754,2,4,160.5,172.5
5758,0,3,172.5,172.5
5768,0,4,202.5,172.5
5769,0,2,205.5,172.5
5771,0,4,211.5,172.5
5786,0,4,256.5,172.5
5787,0,5,259.5,172.5
5790,0,2,268.5,172.5
5801,0,2,1.5,175.5
5806,0,2,16.5,175.5
5812,1,2,34.5,175.5
5816,0,5,46.5,175.5
5824,0,4,70.5,175.5
5825,0,4,73.5,175.5
5844,0,5,130.5,175.5
5851,0,5,151.5,175.5
5862,0,1,184.5,175.5
5872,0,4,214.5,175.5
5877,0,2,229.5,175.5
5884,0,5,250.5,175.5
5889,0,4,265.5,175.5
5892,0,1,274.5,175.5
5896,0,4,286.5,175.5
5904,0,4,10.5,178.5
5908,0,2,22.5,178.5
5913,0,1,37.5,178.5
5914,1,1,40.5,178.5
5919,1,3,55.5,178.5
5928,0,5,82.5,178.5
5932,1,5,94.5,178.5
5945,0,5,133.5,178.5
5947,0,1,139.5,178.5
5953,0,3,157.5,178.5
5956,0,1,166.5,178.5
5963,0,3,187.5,178.5
5966,3,3,196.5,178.5
5969,0,4,205.5,178.5
5970,0,2,208.5,178.5
5971,0,3,211.5,178.5
5972,0,1,214.5,178.5
5973,0,2,217.5,178.5
5982,0,5,244.5,178.5
5984,0,5,250.5,178.5
5997,0,5,289.5,178.5
5999,0,4,295.5,178.5
6004,0,5,10.5,181.5
6014,0,5,40.5,181.5
6024,0,4,70.5,181.5
6027,0,3,79.5,181.5
6034,0,3,100.5,181.5
6038,0,1,112.5,181.5
6044,0,1,130.5,181.5
6046,0,3,136.5,181.5
6049,0,2,145.5,181.5
6053,0,3,157.5,181.5
6058,5,5,172.5,181.5
6063,0,4,187.5,181.5
6069,0,2,205.5,181.5
6073,0,5,217.5,181.5
6075,0,4,223.5,181.5
6080,0,4,238.5,181.5
6084,0,2,250.5,181.5
6089,0,2,265.5,181.5
6092,0,5,274.5,181.5
6093,0,5,277.5,181.5
6094,0,3,280.5,181.5
6096,0,3,286.5,181.5
6110,0,5,28.5,184.5
6114,0,2,40.5,184.5
6121,0,1,61.5,184.5
6123,0,3,67.5,184.5
6133,0,2,97.5,184.5
6136,0,3,106.5,184.5
6144,0,1,130.5,184.5
6146,0,2,136.5,184.5
6148,0,1,142.5,184.5
6153,0,4,157.5,184.5
6154,2,2,160.5,184.5
6155,0,2,163.5,184.5
6156,0,4,166.5,184.5
6157,0,4,169.5,184.5
6161,0,4,181.5,184.5
6162,1,2,184.5,184.5
6166,0,1,196.5,184.5
6167,0,2,199.5,184.5
6170,0,4,208.5,184.5
6174,0,5,220.5,184.5
6180,0,3,238.5,184.5
6191,0,2,271.5,184.5
6193,0,4,277.5,184.5
6203,0,1,7.5,187.5
6214,0,1,40.5,187.5
6222,0,4,64.5,187.5
6224,1,3,70.5,187.5
6228,0,3,82.5,187.5
6229,0,2,85.5,187.5
6230,0,5,88.5,187.5
6232,0,1,94.5,187.5
6236,0,2,106.5,187.5
6252,3,3,154.5,187.5
6253,0,3,157.5,187.5
6264,0,1,190.5,187.5
6266,0,4,196.5,187.5
6267,0,4,199.5,187.5
6269,0,2,205.5,187.5
6276,0,2,226.5,187.5
6286,0,1,256.5,187.5
6295,0,2,283.5,187.5
6298,0,5,292.5,187.5
6301,1,2,1.5,190.5
6303,0,4,7.5,190.5
6312,0,2,34.5,190.5
6317,5,5,49.5,190.5
6318,0,5,52.5,190.5
6319,2,4,55.5,190.5
6331,1,3,91.5,190.5
6332,0,1,94.5,190.5
6333,0,1,97.5,190.5
6337,1,3,109.5,190.5
6339,0,3,115.5,190.5
6342,0,1,124.5,190.5
6355,0,2,163.5,190.5
6357,0,2,169.5,190.5
6367,0,3,199.5,190.5
6371,0,3,211.5,190.5
6372,0,2,214.5,190.5
6375,0,1,223.5,190.5
6378,0,3,232.5,190.5
6379,0,4,235.5,190.5
6384,0,2,250.5,190.5
6386,0,3,256.5,190.5
6405,0,5,13.5,193.5
6409,2,4,25.5,193.5
6413,1,2,37.5,193.5
6419,0,3,55.5,193.5
6423,0,3,67.5,193.5
6424,0,4,70.5,193.5
6428,0,4,82.5,193.5
6431,0,1,91.5,193.5
6433,0,5,97.5,193.5
6434,0,1,100.5,193.5
6436,0,5,106.5,193.5
6445,0,4,133.5,193.5
6451,0,1,151.5,193.5
6455,0,5,163.5,193.5
6458,0,3,172.5,193.5
6471,0,1,211.5,193.5
6478,0,5,232.5,193.5
6479,0,2,235.5,193.5
6481,0,1,241.5,193.5
6484,0,4,250.5,193.5
6490,0,5,268.5,193.5
6493,0,4,277.5,193.5
6495,0,3,283.5,193.5
6496,0,5,286.5,193.5
6501,1,5,1.5,196.5
6502,0,5,4.5,196.5
6503,0,2,7.5,196.5
6514,0,4,40.5,196.5
6525,0,5,73.5,196.5
6527,1,4,79.5,196.5
6529,0,3,85.5,196.5
6530,0,5,88.5,196.5
6531,0,1,91.5,196.5
6544,0,5,130.5,196.5
6548,0,5,142.5,196.5
6558,3,5,172.5,196.5
6561,0,4,181.5,196.5
6562,0,5,184.5,196.5
6566,0,5,196.5,196.5
6568,0,1,202.5,196.5
6577,0,1,229.5,196.5
6581,0,3,241.5,196.5
6585,0,5,253.5,196.5
6589,0,4,265.5,196.5
6593,0,4,277.5,196.5
6606,0,5,16.5,199.5
6608,0,4,22.5,199.5
6618,1,1,52.5,199.5
6621,1,1,61.5,199.5
6624,0,2,70.5,199.5
6633,0,1,97.5,199.5
6638,0,4,112.5,199.5
6641,0,3,121.5,199.5
6648,0,5,142.5,199.5
6649,0,4,145.5,199.5
6653,0,5,157.5,199.5
6659,4,5,175.5,199.5
6667,0,4,199.5,199.5
6686,0,5,256.5,199.5
6690,0,4,268.5,199.5
6694,0,1,280.5,199.5
6697,0,1,289.5,199.5
6704,0,2,10.5,202.5
6715,0,4,43.5,202.5
6722,2,4,64.5,202.5
6724,0,5,70.5,202.5
6734,0,1,100.5,202.5
6746,0,1,136.5,202.5
6754,0,1,160.5,202.5
6759,1,1,175.5,202.5
6760,0,5,178.5,202.5
6764,0,2,190.5,202.5
6765,0,4,193.5,202.5
6770,0,2,208.5,202.5
6773,0,2,217.5,202.5
6778,0,5,232.5,202.5
6783,0,1,247.5,202.5
6784,0,2,250.5,202.5
6790,0,2,268.5,202.5
6791,0,1,271.5,202.5
6792,1,1,274.5,202.5
6797,0,4,289.5,202.5
6798,0,2,292.5,202.5
6799,0,4,295.5,202.5
6801,0,3,1.5,205.5
6807,0,5,19.5,205.5
6808,0,1,22.5,205.5
6809,0,1,25.5,205.5
6810,5,5,28.5,205.5
6818,0,1,52.5,205.5
6826,0,2,76.5,205.5
6832,0,5,94.5,205.5
6835,0,2,103.5,205.5
6838,0,2,112.5,205.5
6846,0,3,136.5,205.5
6853,0,3,157.5,205.5
6866,4,4,196.5,205.5
6870,1,4,208.5,205.5
6874,0,2,220.5,205.5
6875,0,1,223.5,205.5
6878,0,5,232.5,205.5
6881,0,4,241.5,205.5
6883,0,5,247.5,205.5
6892,0,3,274.5,205.5
6893,0,2,277.5,205.5
6905,0,5,13.5,208.5
6911,0,4,31.5,208.5
6923,0,3,67.5,208.5
6939,0,2,115.5,208.5
6940,0,3,118.5,208.5
6941,0,5,121.5,208.5
6943,0,1,127.5,208.5
6946,0,3,136.5,208.5
6953,0,2,157.5,208.5
6954,1,1,160.5,208.5
6955,0,3,163.5,208.5
6959,2,2,175.5,208.5
6964,0,1,190.5,208.5
6973,0,1,217.5,208.5
6976,0,2,226.5,208.5
6977,0,5,229.5,208.5
6993,0,2,277.5,208.5
6994,0,4,280.5,208.5
6996,0,3,286.5,208.5
7008,0,1,22.5,211.5
7020,2,4,58.5,211.5
7023,1,1,67.5,211.5
7038,0,2,112.5,211.5
7042,0,5,124.5,211.5
7046,0,5,136.5,211.5
7052,0,2,154.5,211.5
7053,0,2,157.5,211.5
7060,2,3,178.5,211.5
7071,0,4,211.5,211.5
7072,2,5,214.5,211.5
7075,0,3,223.5,211.5
7076,0,1,226.5,211.5
7088,0,5,262.5,211.5
7092,0,1,274.5,211.5
7096,0,2,286.5,211.5
7105,0,3,13.5,214.5
7108,1,1,22.5,214.5
7110,5,5,28.5,214.5
7113,0,5,37.5,214.5
7114,0,2,40.5,214.5
7122,0,4,64.5,214.5
7125,1,2,73.5,214.5
7126,0,1,76.5,214.5
7133,0,1,97.5,214.5
7145,0,2,133.5,214.5
7146,0,4,136.5,214.5
7147,0,4,139.5,214.5
7149,0,3,145.5,214.5
7150,0,1,148.5,214.5
7159,0,4,175.5,214.5
7163,0,3,187.5,214.5
7166,1,3,196.5,214.5
7174,0,3,220.5,214.5
7175,0,4,223.5,214.5
7195,0,5,283.5,214.5
7197,0,5,289.5,214.5
7201,0,4,1.5,217.5
7203,0,4,7.5,217.5
7208,1,1,22.5,217.5
7227,0,3,79.5,217.5
7228,2,4,82.5,217.5
7244,0,3,130.5,217.5
7246,0,3,136.5,217.5
7258,0,3,172.5,217.5
7260,1,2,178.5,217.5
7261,0,4,181.5,217.5
7268,1,1,202.5,217.5
7276,0,4,226.5,217.5
7282,0,5,244.5,217.5
7286,0,3,256.5,217.5
7293,0,4,277.5,217.5
7296,0,3,286.5,217.5
7299,0,5,295.5,217.5
7303,0,2,7.5,220.5
7304,1,1,10.5,220.5
7307,0,5,19.5,220.5
7308,0,2,22.5,220.5
7315,1,3,43.5,220.5
7324,0,1,70.5,220.5
7329,2,4,85.5,220.5
7330,0,3,88.5,220.5
7337,2,2,109.5,220.5
7347,0,3,139.5,220.5
7353,2,5,157.5,220.5
7359,3,4,175.5,220.5
7373,0,4,217.5,220.5
7378,0,4,232.5,220.5
7389,0,5,265.5,220.5
7394,0,4,280.5,220.5
7397,0,1,289.5,220.5
7400,0,5,298.5,220.5
7412,0,3,34.5,223.5
7414,0,3,40.5,223.5
7415,1,1,43.5,223.5
7416,0,2,46.5,223.5
7417,0,2,49.5,223.5
7418,0,1,52.5,223.5
7429,1,1,85.5,223.5
7434,0,1,100.5,223.5
7436,0,2,106.5,223.5
7437,0,1,109.5,223.5
7442,0,1,124.5,223.5
7447,0,3,139.5,223.5
7449,0,3,145.5,223.5
7453,0,1,157.5,223.5
7457,0,4,169.5,223.5
7463,0,3,187.5,223.5
7472,0,2,214.5,223.5
7478,0,5,232.5,223.5
7480,0,2,238.5,223.5
7482,0,4,244.5,223.5
7485,0,4,253.5,223.5
7488,0,3,262.5,223.5
7497,0,2,289.5,223.5
7498,0,5,292.5,223.5
7500,0,2,298.5,223.5
7504,0,4,10.5,226.5
7507,0,2,19.5,226.5
7510,0,2,28.5,226.5
7511,0,4,31.5,226.5
7512,0,4,34.5,226.5
7521,0,4,61.5,226.5
7530,0,1,88.5,226.5
7531,1,2,91.5,226.5
7534,3,4,100.5,226.5
7545,0,3,133.5,226.5
7546,0,2,136.5,226.5
7566,0,5,196.5,226.5
7568,0,5,202.5,226.5
7571,0,2,211.5,226.5
7573,0,3,217.5,226.5
7574,0,4,220.5,226.5
7579,0,5,235.5,226.5
7586,0,1,256.5,226.5
7587,0,5,259.5,226.5
7589,0,3,265.5,226.5
7593,0,4,277.5,226.5
7594,0,5,280.5,226.5
7601,0,3,1.5,229.5
7614,0,5,40.5,229.5
7624,0,3,70.5,229.5
7627,1,2,79.5,229.5
7631,3,4,91.5,229.5
7632,0,1,94.5,229.5
7634,0,5,100.5,229.5
7637,0,4,109.5,229.5
7638,0,4,112.5,229.5
7656,0,3,166.5,229.5
7659,0,1,175.5,229.5
7661,0,3,181.5,229.5
7665,0,1,193.5,229.5
7678,0,1,232.5,229.5
7680,0,5,238.5,229.5
7683,0,3,247.5,229.5
7688,0,4,262.5,229.5
7690,0,3,268.5,229.5
7691,0,1,271.5,229.5
7698,0,5,292.5,229.5
7699,0,4,295.5,229.5
7701,3,5,1.5,232.5
7707,0,3,19.5,232.5
7709,0,5,25.5,232.5
7715,3,3,43.5,232.5
7725,0,2,73.5,232.5
7732,0,4,94.5,232.5
7743,0,1,127.5,232.5
7744,0,1,130.5,232.5
7752,0,3,154.5,232.5
7772,0,5,214.5,232.5
7775,0,4,223.5,232.5
7782,0,5,244.5,232.5
7796,0,1,286.5,232.5
7803,1,1,7.5,235.5
7809,0,5,25.5,235.5
7810,4,5,28.5,235.5
7811,2,5,31.5,235.5
7812,0,3,34.5,235.5
7817,0,4,49.5,235.5
7819,0,1,55.5,235.5
7823,0,1,67.5,235.5
7841,0,2,121.5,235.5
7844,0,3,130.5,235.5
7851,0,2,151.5,235.5
7853,0,1,157.5,235.5
7854,0,3,160.5,235.5
7857,0,2,169.5,235.5
7859,0,4,175.5,235.5
7863,2,2,187.5,235.5
7865,1,1,193.5,235.5
7869,1,3,205.5,235.5
7871,1,5,211.5,235.5
7873,2,2,217.5,235.5
7887,0,2,259.5,235.5
7889,0,1,265.5,235.5
7890,0,2,268.5,235.5
7897,0,4,289.5,235.5
7898,2,2,292.5,235.5
7908,3,5,22.5,238.5
7909,0,1,25.5,238.5
7910,0,4,28.5,238.5
7919,1,3,55.5,238.5
7927,1,3,79.5,238.5
7929,0,4,85.5,238.5
7931,0,5,91.5,238.5
7932,3,5,94.5,238.5
7943,0,5,127.5,238.5
7948,0,1,142.5,238.5
7949,0,1,145.5,238.5
7950,0,5,148.5,238.5
7952,0,1,154.5,238.5
7954,0,5,160.5,238.5
7956,0,1,166.5,238.5
7957,0,1,169.5,238.5
7965,0,5,193.5,238.5
7971,0,5,211.5,238.5
7974,0,5,220.5,238.5
7977,0,5,229.5,238.5
7981,0,3,241.5,238.5
7985,0,3,253.5,238.5
8004,0,4,10.5,241.5
8005,0,2,13.5,241.5
8007,0,3,19.5,241.5
8008,2,2,22.5,241.5
8013,0,2,37.5,241.5
8014,0,2,40.5,241.5
8029,0,3,85.5,241.5
8034,0,4,100.5,241.5
8038,0,1,112.5,241.5
8040,0,3,118.5,241.5
8041,0,1,121.5,241.5
8046,3,5,136.5,241.5
8049,1,2,145.5,241.5
8053,0,4,157.5,241.5
8062,0,2,184.5,241.5
8063,0,5,187.5,241.5
8068,0,1,202.5,241.5
8075,0,5,223.5,241.5
8080,0,2,238.5,241.5
8091,0,5,271.5,241.5
8103,0,4,7.5,244.5
8106,0,2,16.5,244.5
8109,0,2,25.5,244.5
8112,0,5,34.5,244.5
8113,0,2,37.5,244.5
8120,0,4,58.5,244.5
8130,4,5,88.5,244.5
8131,0,1,91.5,244.5
8136,0,2,106.5,244.5
8137,0,1,109.5,244.5
8143,0,3,127.5,244.5
8148,0,2,142.5,244.5
8153,0,4,157.5,244.5
8158,0,4,172.5,244.5
8168,1,3,202.5,244.5
8169,0,4,205.5,244.5
8180,2,3,238.5,244.5
8186,0,2,256.5,244.5
8192,0,5,274.5,244.5
8194,0,3,280.5,244.5
8199,0,5,295.5,244.5
8200,0,4,298.5,244.5
8201,0,1,1.5,247.5
8207,0,2,19.5,247.5
8214,4,5,40.5,247.5
8222,0,1,64.5,247.5
8228,2,3,82.5,247.5
8230,0,5,88.5,247.5
8232,0,3,94.5,247.5
8234,0,5,100.5,247.5
8238,0,4,112.5,247.5
8245,0,5,133.5,247.5
8246,0,4,136.5,247.5
8253,0,2,157.5,247.5
8259,0,4,175.5,247.5
8264,0,1,190.5,247.5
8267,1,3,199.5,247.5
8269,0,4,205.5,247.5
8271,0,3,211.5,247.5
8277,0,5,229.5,247.5
8290,0,1,268.5,247.5
8298,0,2,292.5,247.5
8300,0,4,298.5,247.5
8301,0,2,1.5,250.5
8312,1,3,34.5,250.5
8314,3,5,40.5,250.5
8320,0,5,58.5,250.5
8321,0,3,61.5,250.5
8322,0,2,64.5,250.5
8323,2,2,67.5,250.5
8331,2,3,91.5,250.5
8332,0,4,94.5,250.5
8334,0,4,100.5,250.5
8342,0,5,124.5,250.5
8347,0,5,139.5,250.5
8349,3,4,145.5,250.5
8356,0,4,166.5,250.5
8358,0,1,172.5,250.5
8359,0,3,175.5,250.5
8361,0,3,181.5,250.5
8364,2,2,190.5,250.5
8365,0,2,193.5,250.5
8368,1,2,202.5,250.5
8371,0,3,211.5,250.5
8380,0,2,238.5,250.5
8382,0,1,244.5,250.5
8389,0,1,265.5,250.5
8395,0,2,283.5,250.5
8397,0,3,289.5,250.5
8403,0,2,7.5,253.5
8404,0,5,10.5,253.5
8407,0,4,19.5,253.5
8414,2,3,40.5,253.5
8415,0,5,43.5,253.5
8416,0,3,46.5,253.5
8419,0,2,55.5,253.5
8421,1,3,61.5,253.5
8433,2,3,97.5,253.5
8442,0,1,124.5,253.5
8444,0,3,130.5,253.5
8450,0,3,148.5,253.5
8452,0,4,154.5,253.5
8453,0,1,157.5,253.5
8455,0,4,163.5,253.5
8462,0,5,184.5,253.5
8492,0,4,274.5,253.5
8494,0,3,280.5,253.5
8495,0,4,283.5,253.5
8505,0,3,13.5,256.5
8512,1,4,34.5,256.5
8516,0,1,46.5,256.5
8517,1,2,49.5,256.5
8532,0,4,94.5,256.5
8536,0,4,106.5,256.5
8541,0,3,121.5,256.5
8544,0,5,130.5,256.5
8546,0,2,136.5,256.5
8547,0,4,139.5,256.5
8552,0,3,154.5,256.5
8567,1,4,199.5,256.5
8577,0,5,229.5,256.5
8579,0,3,235.5,256.5
8589,0,5,265.5,256.5
8598,0,2,292.5,256.5
8601,0,1,1.5,259.5
8608,0,3,22.5,259.5
8613,0,4,37.5,259.5
8624,0,4,70.5,259.5
8626,0,4,76.5,259.5
8632,0,4,94.5,259.5
8637,0,4,109.5,259.5
8639,3,4,115.5,259.5
8644,0,4,130.5,259.5
8654,0,1,160.5,259.5
8659,0,3,175.5,259.5
8676,0,3,226.5,259.5
8677,0,4,229.5,259.5
8680,0,1,238.5,259.5
8686,0,2,256.5,259.5
8697,0,3,289.5,259.5
8699,0,1,295.5,259.5
8706,0,2,16.5,262.5
8712,1,4,34.5,262.5
8713,2,4,37.5,262.5
8714,0,2,40.5,262.5
8716,0,3,46.5,262.5
8721,1,2,61.5,262.5
8726,0,1,76.5,262.5
8731,0,2,91.5,262.5
8733,2,3,97.5,262.5
8745,0,4,133.5,262.5
8756,0,3,166.5,262.5
8758,0,1,172.5,262.5
8760,0,4,178.5,262.5
8762,0,1,184.5,262.5
8764,0,2,190.5,262.5
8778,0,3,232.5,262.5
8781,0,2,241.5,262.5
8808,0,4,22.5,265.5
8811,0,3,31.5,265.5
8820,0,2,58.5,265.5
8822,2,2,64.5,265.5
8823,0,2,67.5,265.5
8830,0,5,88.5,265.5
8836,0,3,106.5,265.5
8843,2,5,127.5,265.5
8849,0,1,145.5,265.5
8856,0,2,166.5,265.5
8862,0,1,184.5,265.5
8864,0,3,190.5,265.5
8866,0,4,196.5,265.5
8872,0,1,214.5,265.5
8873,0,3,217.5,265.5
8874,0,4,220.5,265.5
8879,0,4,235.5,265.5
8881,0,5,241.5,265.5
8882,0,4,244.5,265.5
8886,0,4,256.5,265.5
8887,0,1,259.5,265.5
8891,0,3,271.5,265.5
8896,0,5,286.5,265.5
8899,0,5,295.5,265.5
8903,0,2,7.5,268.5
8914,0,3,40.5,268.5
8926,0,1,76.5,268.5
8931,0,5,91.5,268.5
8936,0,5,106.5,268.5
8939,0,1,115.5,268.5
8942,0,2,124.5,268.5
8943,0,3,127.5,268.5
8944,0,4,130.5,268.5
8953,0,5,157.5,268.5
8962,0,2,184.5,268.5
8968,0,4,202.5,268.5
8970,0,1,208.5,268.5
8987,0,3,259.5,268.5
8988,0,4,262.5,268.5
9001,0,2,1.5,271.5
9003,0,4,7.5,271.5
9007,0,4,19.5,271.5
9008,2,4,22.5,271.5
9012,1,2,34.5,271.5
9016,0,3,46.5,271.5
9021,0,4,61.5,271.5
9035,0,1,103.5,271.5
9039,0,5,115.5,271.5
9041,0,3,121.5,271.5
9043,0,5,127.5,271.5
9049,2,3,145.5,271.5
9051,0,1,151.5,271.5
9055,0,4,163.5,271.5
9060,0,4,178.5,271.5
9063,0,3,187.5,271.5
9072,0,2,214.5,271.5
9076,0,3,226.5,271.5
9077,0,2,229.5,271.5
9080,0,4,238.5,271.5
9089,0,4,265.5,271.5
9100,0,3,298.5,271.5
9106,2,2,16.5,274.5
9113,0,3,37.5,274.5
9124,0,2,70.5,274.5
9134,0,5,100.5,274.5
9135,0,1,103.5,274.5
9137,0,1,109.5,274.5
9139,0,4,115.5,274.5
9141,0,1,121.5,274.5
9145,0,5,133.5,274.5
9151,0,1,151.5,274.5
9160,0,5,178.5,274.5
9175,0,5,223.5,274.5
9182,0,3,244.5,274.5
9201,0,5,1.5,277.5
9212,0,3,34.5,277.5
9216,1,3,46.5,277.5
9220,0,2,58.5,277.5
9227,0,5,79.5,277.5
9229,0,4,85.5,277.5
9230,1,3,88.5,277.5
9231,3,5,91.5,277.5
9233,2,4,97.5,277.5
9242,1,4,124.5,277.5
9243,0,2,127.5,277.5
9247,0,1,139.5,277.5
9248,0,4,142.5,277.5
9250,0,5,148.5,277.5
9252,0,2,154.5,277.5
9253,0,1,157.5,277.5
9255,0,3,163.5,277.5
9257,0,1,169.5,277.5
9260,0,1,178.5,277.5
9262,0,5,184.5,277.5
9263,0,4,187.5,277.5
9266,0,2,196.5,277.5
9278,0,1,232.5,277.5
9281,0,5,241.5,277.5
9282,0,2,244.5,277.5
9290,3,3,268.5,277.5
9292,0,5,274.5,277.5
9297,1,2,289.5,277.5
9305,0,4,13.5,280.5
9306,0,3,16.5,280.5
9312,3,5,34.5,280.5
9314,0,3,40.5,280.5
9316,0,4,46.5,280.5
9331,0,1,91.5,280.5
9335,0,1,103.5,280.5
9336,1,1,106.5,280.5
9337,2,4,109.5,280.5
9339,0,3,115.5,280.5
9341,2,2,121.5,280.5
9344,0,2,130.5,280.5
9349,0,2,145.5,280.5
9351,0,4,151.5,280.5
9355,0,4,163.5,280.5
9363,3,4,187.5,280.5
9376,0,3,226.5,280.5
9381,0,1,241.5,280.5
9391,0,5,271.5,280.5
9394,0,4,280.5,280.5
9399,0,5,295.5,280.5
9408,0,1,22.5,283.5
9413,0,3,37.5,283.5
9417,0,5,49.5,283.5
9418,0,5,52.5,283.5
9421,0,5,61.5,283.5
9422,0,1,64.5,283.5
9425,0,4,73.5,283.5
9438,1,5,112.5,283.5
9444,2,2,130.5,283.5
9448,0,1,142.5,283.5
9457,0,4,169.5,283.5
9469,0,3,205.5,283.5
9470,0,1,208.5,283.5
9479,0,4,235.5,283.5
9485,0,5,253.5,283.5
9495,0,2,283.5,283.5
9500,0,2,298.5,283.5
9505,2,4,13.5,286.5
9506,0,2,16.5,286.5
9507,0,5,19.5,286.5
9513,1,3,37.5,286.5
9531,0,1,91.5,286.5
9539,0,2,115.5,286.5
9540,1,3,118.5,286.5
9557,0,4,169.5,286.5
9569,3,4,205.5,286.5
9571,0,4,211.5,286.5
9578,0,5,232.5,286.5
9579,0,1,235.5,286.5
9581,0,4,241.5,286.5
9584,0,3,250.5,286.5
9590,0,5,268.5,286.5
9596,0,1,286.5,286.5
9601,0,3,1.5,289.5
9609,1,1,25.5,289.5
9613,0,5,37.5,289.5
9617,2,5,49.5,289.5
9618,0,1,52.5,289.5
9631,0,3,91.5,289.5
9632,0,1,94.5,289.5
9641,2,2,121.5,289.5
9645,2,5,133.5,289.5
9653,1,2,157.5,289.5
9662,0,4,184.5,289.5
9667,0,3,199.5,289.5
9670,2,4,208.5,289.5
9671,0,4,211.5,289.5
9672,0,4,214.5,289.5
9683,0,4,247.5,289.5
9684,0,2,250.5,289.5
9685,0,3,253.5,289.5
9695,1,1,283.5,289.5
9699,3,3,295.5,289.5
9700,1,1,298.5,289.5
9701,0,3,1.5,292.5
9704,0,4,10.5,292.5
9707,0,4,19.5,292.5
9708,0,4,22.5,292.5
9718,0,5,52.5,292.5
9723,0,5,67.5,292.5
9725,0,1,73.5,292.5
9727,1,3,79.5,292.5
9729,1,2,85.5,292.5
9741,0,4,121.5,292.5
9747,0,4,139.5,292.5
9756,0,3,166.5,292.5
9767,0,3,199.5,292.5
9774,0,4,220.5,292.5
9786,0,2,256.5,292.5
9790,0,5,268.5,292.5
9792,0,3,274.5,292.5
9793,0,4,277.5,292.5
9795,0,2,283.5,292.5
9800,0,5,298.5,292.5
9804,0,1,10.5,295.5
9806,0,4,16.5,295.5
9807,2,2,19.5,295.5
9812,0,3,34.5,295.5
9816,0,3,46.5,295.5
9819,2,5,55.5,295.5
9825,0,1,73.5,295.5
9829,0,5,85.5,295.5
9833,0,4,97.5,295.5
9836,0,2,106.5,295.5
9848,1,1,142.5,295.5
9856,0,2,166.5,295.5
9857,0,4,169.5,295.5
9861,0,2,181.5,295.5
9867,0,2,199.5,295.5
9875,0,3,223.5,295.5
9893,2,3,277.5,295.5
9899,0,5,295.5,295.5
9906,0,5,16.5,298.5
9908,0,3,22.5,298.5
9916,2,5,46.5,298.5
9922,0,1,64.5,298.5
9924,1,5,70.5,298.5
9930,0,2,88.5,298.5
9932,0,4,94.5,298.5
9937,0,3,109.5,298.5
9938,0,5,112.5,298.5
9948,0,4,142.5,298.5
9950,0,3,148.5,298.5
9957,0,5,169.5,298.5
9960,0,4,178.5,298.5
9964,0,5,190.5,298.5
9965,0,5,193.5,298.5
9976,0,4,226.5,298.5
9980,0,3,238.5,298.5
9982,0,5,244.5,298.5
9991,0,1,271.5,298.5
9994,0,3,280.5,298.5
9999,0,4,295.5,298.5
